layer,identity_similarity
0,0.6485072374343872
1,0.10186637192964554
2,0.05487057566642761
3,0.019628018140792847
4,-0.021380770951509476
5,-0.04544125124812126
6,-0.1230190321803093
