layer,identity_similarity
0,0.5275428295135498
1,0.11275074630975723
2,0.06678348779678345
3,0.04573902487754822
4,0.044306330382823944
5,0.012329011224210262
6,-0.10586760193109512
