layer,identity_similarity
0,0.5759586691856384
1,0.12793250381946564
2,0.11684781312942505
3,0.09253990650177002
4,0.07073457539081573
5,0.020376216620206833
6,-0.11999671906232834
