layer,identity_similarity
0,0.6353991031646729
1,0.145059272646904
2,0.10442082583904266
3,0.06201459467411041
4,0.04853690415620804
5,0.017670948058366776
6,-0.1236054077744484
