layer,context_similarity
0,0.8647404909133911
1,0.8729479312896729
2,0.8294800519943237
3,0.7996665239334106
4,0.8018709421157837
5,0.810698926448822
6,0.9872088432312012
