layer,context_similarity
0,0.9567157626152039
1,0.8658638596534729
2,0.7569538950920105
3,0.6933798789978027
4,0.6981600522994995
5,0.782305896282196
6,0.9653661251068115
